title,description,meal_time,prep_time_mins,effort_score,servings,tags,image_url,ingredients_list,shopping_list,recipe_steps,cuisine,user_id,is_user_created,source_url,source_name
"Turkey and Cheddar Sandwich with Chips","A regular cold sandwich and a side of chips for a no-cook lunch. Representative photo: ""Sourdough & Co. (Sonoma, California) - November 2023 - Sarah Stierch 07.jpg"" by Missvain, CC BY 4.0. Resized and recompressed as JPEG. Deli turkey sandwich serving example; bread shape and extra toppings vary. Chips are served separately. Source: https://commons.wikimedia.org/wiki/File:Sourdough_%26_Co._(Sonoma,_California)_-_November_2023_-_Sarah_Stierch_07.jpg License: https://creativecommons.org/licenses/by/4.0","{""lunch"",""dinner""}",5,1,1,"{""easy"",""comfort-food"",""quick"",""sandwich"",""turkey"",""no-cook""}","https://raw.githubusercontent.com/wyattrommel-code/Food-For-you/main/assets/recipe-photos/turkey-and-cheddar-sandwich-with-chips-3822fcb4ceef.jpg","{""2 slices sandwich bread"",""3 ounces sliced deli turkey"",""1 slice cheddar"",""1 tablespoon mayonnaise"",""1 lettuce leaf"",""1 ounce potato chips""}","{""2 slices sandwich bread"",""3 ounces sliced deli turkey"",""1 slice cheddar"",""1 tablespoon mayonnaise"",""1 lettuce leaf"",""1 ounce potato chips""}","{""Spread mayonnaise on the bread."",""Layer turkey, cheddar and washed, dried lettuce; close the sandwich."",""Cut in half and serve with the chips. Keep refrigerated if packing for later.""}","American",,false,"https://www.reddit.com/r/eatsandwiches/comments/1hi6bqw/","Reddit community meal idea"
"Salami and Provolone Sub with Chips","An easy deli sub with crisp lettuce and bottled Italian dressing. Representative photo: ""Salami-sandwich-01.jpg"" by Mudwater, CC BY-SA 4.0. Resized and recompressed as JPEG. This image adaptation remains licensed under CC BY-SA 4.0. Salami on a long roll; this version adds provolone and lettuce. Chips are served separately. Source: https://commons.wikimedia.org/wiki/File:Salami-sandwich-01.jpg License: https://creativecommons.org/licenses/by-sa/4.0","{""lunch"",""dinner""}",10,1,1,"{""easy"",""comfort-food"",""quick"",""sandwich"",""no-cook""}","https://raw.githubusercontent.com/wyattrommel-code/Food-For-you/main/assets/recipe-photos/salami-and-provolone-sub-with-chips-b350c6a2c502.jpg","{""1 6-inch sub roll"",""2 ounces sliced salami"",""1 ounce sliced provolone"",""1/4 cup shredded lettuce"",""2 tomato slices"",""1 tablespoon Italian dressing"",""1 ounce potato chips""}","{""1 6-inch sub roll"",""2 ounces sliced salami"",""1 ounce sliced provolone"",""1/4 cup shredded lettuce"",""2 tomato slices"",""1 tablespoon Italian dressing"",""1 ounce potato chips""}","{""Split the roll and layer salami and provolone on the bottom."",""Add lettuce and tomato; drizzle with dressing and close."",""Serve with chips, or refrigerate the sandwich and pack chips separately.""}","American",,false,"https://www.reddit.com/r/easyrecipes/comments/1eqjdga/","Reddit community meal idea"
"Egg Salad Sandwich with Chips","Use ready-to-eat hard-boiled eggs to skip the boiling and cooling. Representative photo: ""egg salad sandwich"" by stu_spivack, CC BY-SA 2.0. Resized and recompressed as JPEG. This image adaptation remains licensed under CC BY-SA 2.0. Egg salad, lettuce and potato chips closely match this meal. Source: https://www.flickr.com/photos/35034346243@N01/10423979586 License: https://creativecommons.org/licenses/by-sa/2.0/","{""lunch"",""dinner""}",10,1,1,"{""easy"",""comfort-food"",""quick"",""sandwich"",""egg"",""no-cook""}","https://raw.githubusercontent.com/wyattrommel-code/Food-For-you/main/assets/recipe-photos/egg-salad-sandwich-with-chips-450b4b58c744.jpg","{""2 peeled fully cooked hard-boiled eggs, refrigerated"",""1 tablespoon mayonnaise"",""1 teaspoon yellow mustard"",""1 teaspoon pickle relish"",""2 slices sandwich bread"",""1 lettuce leaf"",""1 ounce potato chips""}","{""2 peeled fully cooked hard-boiled eggs, refrigerated"",""1 tablespoon mayonnaise"",""1 teaspoon yellow mustard"",""1 teaspoon pickle relish"",""2 slices sandwich bread"",""1 lettuce leaf"",""1 ounce potato chips""}","{""Chop the hard-boiled eggs and mix with mayonnaise, mustard and relish."",""Place lettuce on one slice of bread, spoon on the egg salad and close."",""Serve with chips. Refrigerate any extra egg salad promptly.""}","American",,false,"https://www.budgetbytes.com/easy-egg-salad/","Budget Bytes"
"Canned Chicken Salad Sandwich with Chips","A pantry chicken sandwich with a little celery crunch. Representative photo: ""chicken salad sandwich"" by stu_spivack, CC BY-SA 2.0. Resized and recompressed as JPEG. This image adaptation remains licensed under CC BY-SA 2.0. Chicken salad with lettuce, cheddar and chips. The example uses toasted bread; this version can be served cold. Source: https://www.flickr.com/photos/35034346243@N01/13896013820 License: https://creativecommons.org/licenses/by-sa/2.0/","{""lunch"",""dinner""}",10,1,1,"{""easy"",""comfort-food"",""quick"",""sandwich"",""chicken"",""no-cook""}","https://raw.githubusercontent.com/wyattrommel-code/Food-For-you/main/assets/recipe-photos/canned-chicken-salad-sandwich-with-chips-316d9b289f3c.jpg","{""1 5-ounce can cooked chicken, drained"",""1 tablespoon mayonnaise"",""2 tablespoons finely chopped celery"",""1 teaspoon lemon juice"",""2 slices sandwich bread"",""1 lettuce leaf"",""1 slice cheddar"",""1 ounce potato chips""}","{""1 5-ounce can cooked chicken, drained"",""1 tablespoon mayonnaise"",""2 tablespoons finely chopped celery"",""1 teaspoon lemon juice"",""2 slices sandwich bread"",""1 lettuce leaf"",""1 slice cheddar"",""1 ounce potato chips""}","{""Break up the drained chicken with a fork."",""Mix with mayonnaise, celery and lemon juice, then fill bread with the chicken mixture, lettuce and cheddar."",""Serve with chips; keep the filled sandwich chilled until eating.""}","American",,false,"https://www.budgetbytes.com/chicken-salad/","Budget Bytes"
"Cucumber Cream Cheese Sandwiches with Chips","Soft bread, ready-to-spread cream cheese and thin cucumber slices. Representative photo: ""Flickr bitboy 204619671--Cucumber sandwiches with tea.jpg"" by Bit Boy from Los Angeles, California, USA, CC BY 2.0. Resized and recompressed as JPEG. Cucumber sandwiches cut into fingers. Tea and table accompaniments are not part of the recipe. Source: https://commons.wikimedia.org/wiki/File:Flickr_bitboy_204619671--Cucumber_sandwiches_with_tea.jpg License: https://creativecommons.org/licenses/by/2.0","{""lunch"",""dinner""}",10,1,1,"{""easy"",""comfort-food"",""quick"",""sandwich"",""vegetarian"",""no-cook""}","https://raw.githubusercontent.com/wyattrommel-code/Food-For-you/main/assets/recipe-photos/cucumber-cream-cheese-sandwiches-with-chips-dc03cc4a42cc.jpg","{""2 slices sandwich bread"",""2 tablespoons spreadable cream cheese"",""1/3 cup thinly sliced cucumber"",""1/8 teaspoon dried dill"",""1 ounce potato chips""}","{""2 slices sandwich bread"",""2 tablespoons spreadable cream cheese"",""1/3 cup thinly sliced cucumber"",""1/8 teaspoon dried dill"",""1 ounce potato chips""}","{""Pat the cucumber slices dry. Stir dill into cream cheese."",""Spread both bread slices with the cheese and cover one with cucumber."",""Close, cut into halves and serve with chips.""}","American",,false,"https://www.budgetbytes.com/cucumber-sandwiches/","Budget Bytes"
"Tomato and Mayo Sandwich with Chips","A familiar summer sandwich that needs a ripe tomato and ordinary bread. Representative photo: ""Tomato sandwich halves.jpg"" by Valereee, CC0. Resized and recompressed as JPEG. Tomato and mayonnaise layers match; chips are served separately. Source: https://commons.wikimedia.org/wiki/File:Tomato_sandwich_halves.jpg License: https://creativecommons.org/publicdomain/zero/1.0/deed.en","{""lunch"",""dinner""}",5,1,1,"{""easy"",""comfort-food"",""quick"",""sandwich"",""vegetarian"",""no-cook""}","https://raw.githubusercontent.com/wyattrommel-code/Food-For-you/main/assets/recipe-photos/tomato-and-mayo-sandwich-with-chips-9df562946140.jpg","{""2 slices sandwich bread"",""1 medium ripe tomato"",""1 tablespoon mayonnaise"",""1/8 teaspoon salt"",""1/8 teaspoon black pepper"",""1 ounce potato chips""}","{""2 slices sandwich bread"",""1 medium ripe tomato"",""1 tablespoon mayonnaise"",""1/8 teaspoon salt"",""1/8 teaspoon black pepper"",""1 ounce potato chips""}","{""Slice the tomato and lightly pat off excess juice."",""Spread mayonnaise on the bread; add tomato, salt and pepper, then close."",""Cut and eat right away with chips so the bread stays soft rather than soggy.""}","American",,false,"https://www.budgetbytes.com/classic-tomato-sandwiches/","Budget Bytes"
"Peanut Butter Banana Sandwich with Pretzels","A sweet sandwich lunch using sliced banana instead of jelly. Representative photo: ""Peanut butter and banana sandwich on homemade bread - Massachusetts.jpg"" by Daderot, CC0. Resized and recompressed as JPEG. Peanut butter and sliced banana on open bread before closing. Pretzels are served separately. Source: https://commons.wikimedia.org/wiki/File:Peanut_butter_and_banana_sandwich_on_homemade_bread_-_Massachusetts.jpg License: https://creativecommons.org/publicdomain/zero/1.0/deed.en","{""lunch"",""dinner""}",5,1,1,"{""easy"",""comfort-food"",""quick"",""sandwich"",""vegetarian"",""no-cook""}","https://raw.githubusercontent.com/wyattrommel-code/Food-For-you/main/assets/recipe-photos/peanut-butter-banana-sandwich-with-pretzels-96d4e675839c.jpg","{""2 slices whole-wheat bread"",""2 tablespoons peanut butter"",""1 small banana"",""1 ounce mini pretzels""}","{""2 slices whole-wheat bread"",""2 tablespoons peanut butter"",""1 small banana"",""1 ounce mini pretzels""}","{""Spread peanut butter over both bread slices."",""Peel and slice the banana; arrange on one slice and close the sandwich."",""Cut in half and serve with pretzels.""}","American",,false,"https://www.budgetbytes.com/peanut-butter-banana-quesadillas/","Budget Bytes"
"Roast Beef and Cheddar Sandwich with Chips","Deli roast beef and cheddar make a filling sandwich without cooking. Representative photo: ""Roast Beef Grinder.JPG"" by Bobsama, CC BY 3.0. Resized and recompressed as JPEG. Deli roast beef roll serving example; this version uses sliced bread and cheddar. Chips are served separately. Source: https://commons.wikimedia.org/wiki/File:Roast_Beef_Grinder.JPG License: https://creativecommons.org/licenses/by/3.0","{""lunch"",""dinner""}",5,1,1,"{""easy"",""comfort-food"",""quick"",""sandwich"",""beef"",""no-cook""}","https://raw.githubusercontent.com/wyattrommel-code/Food-For-you/main/assets/recipe-photos/roast-beef-and-cheddar-sandwich-with-chips-edcbee47dd12.jpg","{""2 slices sandwich bread"",""3 ounces sliced deli roast beef"",""1 slice cheddar"",""1 tablespoon mayonnaise"",""1 teaspoon prepared horseradish"",""1 lettuce leaf"",""1 ounce potato chips""}","{""2 slices sandwich bread"",""3 ounces sliced deli roast beef"",""1 slice cheddar"",""1 tablespoon mayonnaise"",""1 teaspoon prepared horseradish"",""1 lettuce leaf"",""1 ounce potato chips""}","{""Mix mayonnaise with horseradish and spread on the bread."",""Add roast beef, cheddar and washed lettuce, then close."",""Serve with chips; refrigerate until lunch if packing ahead.""}","American",,false,"https://www.campbells.com/recipes/dripping-roast-beef-sandwiches-with-melted-provolone/","Campbell’s Kitchens"
"Pimento Cheese and Crackers Lunch Plate","A practical no-cook plate with store-bought pimento cheese, crackers and produce. Representative photo: ""Mmm... homemade pimento cheese spread"" by jeffreyw, CC BY 2.0. Resized and recompressed as JPEG. Pimento cheese with crackers; apple and carrots complete this recipe's lunch plate. Source: https://www.flickr.com/photos/7927684@N03/22626043857 License: https://creativecommons.org/licenses/by/2.0/","{""lunch"",""dinner""}",5,1,1,"{""easy"",""comfort-food"",""quick"",""vegetarian"",""no-cook""}","https://raw.githubusercontent.com/wyattrommel-code/Food-For-you/main/assets/recipe-photos/pimento-cheese-and-crackers-lunch-plate-e07985bff539.jpg","{""1/3 cup refrigerated prepared pimento cheese"",""12 whole-grain crackers"",""1/2 cup baby carrots"",""1 small apple""}","{""1/3 cup refrigerated prepared pimento cheese"",""12 whole-grain crackers"",""1/2 cup baby carrots"",""1 small apple""}","{""Wash the apple and cut it into slices; rinse the carrots."",""Spoon pimento cheese into a small bowl and arrange crackers alongside."",""Add the fruit and carrots; spread cheese on the crackers as you eat.""}","American",,false,"https://www.budgetbytes.com/pimento-cheese/","Budget Bytes"
"Turkey Apple Cranberry Wrap with Chips","A deli turkey wrap with apple crunch and a spoonful of cranberry sauce. Representative photo: ""2019-11-12 02 46 46 A Wawa Turkey, Apple & Cranberry Wrap (Turkey breast with cranberry dill spread) divided into two pieces in the Franklin Farm section of Oak Hill, Fairfax County, Virginia.jpg"" by Famartin, CC BY-SA 4.0. Resized and recompressed as JPEG. This image adaptation remains licensed under CC BY-SA 4.0. Turkey, apple and cranberry wrap. Brand, tortilla pattern and amount of filling may vary. Source: https://commons.wikimedia.org/wiki/File:2019-11-12_02_46_46_A_Wawa_Turkey,_Apple_%26_Cranberry_Wrap_(Turkey_breast_with_cranberry_dill_spread)_divided_into_two_pieces_in_the_Franklin_Farm_section_of_Oak_Hill,_Fairfax_County,_Virginia.jpg License: https://creativecommons.org/licenses/by-sa/4.0","{""lunch"",""dinner""}",10,1,1,"{""easy"",""comfort-food"",""quick"",""sandwich"",""turkey"",""no-cook""}","https://raw.githubusercontent.com/wyattrommel-code/Food-For-you/main/assets/recipe-photos/turkey-apple-cranberry-wrap-with-chips-3b743ad1d98a.jpg","{""1 10-inch flour tortilla"",""3 ounces sliced deli turkey"",""1 tablespoon spreadable cream cheese"",""1 tablespoon canned cranberry sauce"",""1/4 apple, thinly sliced"",""1 lettuce leaf"",""1 ounce potato chips""}","{""1 10-inch flour tortilla"",""3 ounces sliced deli turkey"",""1 tablespoon spreadable cream cheese"",""1 tablespoon canned cranberry sauce"",""1/4 apple, thinly sliced"",""1 lettuce leaf"",""1 ounce potato chips""}","{""Spread cream cheese and cranberry sauce over the tortilla, leaving a border."",""Add turkey, lettuce and apple. Fold the sides inward and roll tightly."",""Cut the wrap in half and serve with chips; keep chilled if packing it.""}","American",,false,"https://www.budgetbytes.com/turkey-pinwheels/","Budget Bytes"
"Chicken Pesto Salad Rolls with Chips","Ready-cooked chicken, pesto and canned peas make a no-cook sandwich filling. Representative photo: ""Chicken Pesto Sandwich, Whole Wheat Roll"" by diettogo1, CC BY-SA 2.0. Resized and recompressed as JPEG. This image adaptation remains licensed under CC BY-SA 2.0. Chicken pesto salad served beside its roll; spoon the filling into the bread for this recipe. Chips are served separately. Source: https://www.flickr.com/photos/92766653@N07/8855217810 License: https://creativecommons.org/licenses/by-sa/2.0/","{""lunch"",""dinner""}",10,1,1,"{""easy"",""comfort-food"",""quick"",""sandwich"",""chicken"",""no-cook""}","https://raw.githubusercontent.com/wyattrommel-code/Food-For-you/main/assets/recipe-photos/chicken-pesto-salad-rolls-with-chips-b95fc1db44b4.jpg","{""1 6-inch roll"",""3 ounces chilled cooked chicken, diced"",""1 tablespoon basil pesto"",""1 tablespoon mayonnaise"",""1/4 cup canned peas, drained"",""2 cherry tomatoes, quartered"",""1 ounce potato chips""}","{""1 6-inch roll"",""3 ounces chilled cooked chicken, diced"",""1 tablespoon basil pesto"",""1 tablespoon mayonnaise"",""1/4 cup canned peas, drained"",""2 cherry tomatoes, quartered"",""1 ounce potato chips""}","{""Mix chicken, pesto and mayonnaise in a bowl."",""Gently fold in drained peas and tomatoes."",""Spoon into the split roll and serve with chips. Keep the filling refrigerated until eating.""}","American",,false,"https://sweetpeasandsaffron.com/chicken-pesto-sandwich/","Sweet Peas and Saffron"
"Caprese Baguette with Chips","Tomato, mozzarella and prepared pesto fill a small baguette. Representative photo: ""Caprese sandwich, on wheat role"" by JaredFrazer, CC BY 2.0. Resized and recompressed as JPEG. Mozzarella and tomato sandwich on a roll; bread shape and pesto amount may vary. Source: https://www.flickr.com/photos/87755694@N00/4077356272 License: https://creativecommons.org/licenses/by/2.0/","{""lunch"",""dinner""}",10,1,1,"{""easy"",""comfort-food"",""quick"",""sandwich"",""vegetarian"",""no-cook""}","https://raw.githubusercontent.com/wyattrommel-code/Food-For-you/main/assets/recipe-photos/caprese-baguette-with-chips-98e1ae5d082a.jpg","{""1 6-inch baguette section"",""2 ounces fresh mozzarella"",""1 small tomato"",""1 tablespoon basil pesto"",""1 teaspoon balsamic glaze"",""1 ounce potato chips""}","{""1 6-inch baguette section"",""2 ounces fresh mozzarella"",""1 small tomato"",""1 tablespoon basil pesto"",""1 teaspoon balsamic glaze"",""1 ounce potato chips""}","{""Slice the mozzarella and tomato; split the bread."",""Spread pesto inside and layer in tomato and mozzarella."",""Drizzle with balsamic glaze, close the bread and serve with chips.""}","American",,false,"https://www.christinascucina.com/simple-caprese-sandwich/","Christina’s Cucina"
"Skillet Tuna Melt with Chips","A hot, crisp tuna-and-cheese sandwich made in a regular frying pan. Representative photo: ""Tuna melt sandwich with fries.jpg"" by kweez mcG from London, UK, CC BY 2.0. Resized and recompressed as JPEG. Tuna melt and melted cheddar match. The example has fries; this recipe serves ready-to-eat chips. Source: https://commons.wikimedia.org/wiki/File:Tuna_melt_sandwich_with_fries.jpg License: https://creativecommons.org/licenses/by/2.0","{""lunch"",""dinner""}",15,2,1,"{""easy"",""comfort-food"",""quick"",""sandwich"",""fish""}","https://raw.githubusercontent.com/wyattrommel-code/Food-For-you/main/assets/recipe-photos/skillet-tuna-melt-with-chips-c0a28ddbcbe5.jpg","{""1 5-ounce can tuna, drained"",""1 tablespoon mayonnaise"",""1 teaspoon pickle relish"",""2 slices sandwich bread"",""1 slice cheddar"",""1 teaspoon softened butter"",""1 ounce potato chips""}","{""1 5-ounce can tuna, drained"",""1 tablespoon mayonnaise"",""1 teaspoon pickle relish"",""2 slices sandwich bread"",""1 slice cheddar"",""1 teaspoon softened butter"",""1 ounce potato chips""}","{""Mix tuna, mayonnaise and relish. Fill bread with the mixture and cheddar."",""Spread butter thinly on the outside. Cook in a skillet over medium-low heat for 3–4 minutes per side, until the bread is golden and filling is hot."",""Lower the heat and cover briefly if cheese needs longer to melt. Serve with chips.""}","American",,false,"https://www.budgetbytes.com/tuna-melt/","Budget Bytes"
"Crispy Fish Fillet Sandwich with Chips","A freezer fish fillet, soft bun and bottled tartar sauce make dinner easy. Representative photo: ""Burger King BK Big Fish sandwich.jpg"" by theimpulsivebuy, CC BY-SA 2.0. Resized and recompressed as JPEG. This image adaptation remains licensed under CC BY-SA 2.0. Breaded fish, lettuce and tartar sauce in a bun; this recipe adds pickles and serves chips separately. Source: https://commons.wikimedia.org/wiki/File:Burger_King_BK_Big_Fish_sandwich.jpg License: https://creativecommons.org/licenses/by-sa/2.0","{""lunch"",""dinner""}",30,2,1,"{""easy"",""comfort-food"",""quick"",""sandwich"",""fish"",""shortcut""}","https://raw.githubusercontent.com/wyattrommel-code/Food-For-you/main/assets/recipe-photos/crispy-fish-fillet-sandwich-with-chips-31888dfff7a9.jpg","{""1 frozen breaded fish fillet, about 4 ounces"",""1 hamburger bun"",""1 tablespoon tartar sauce"",""1 lettuce leaf"",""3 pickle slices"",""1 ounce potato chips""}","{""1 frozen breaded fish fillet, about 4 ounces"",""1 hamburger bun"",""1 tablespoon tartar sauce"",""1 lettuce leaf"",""3 pickle slices"",""1 ounce potato chips""}","{""Preheat the oven and cook the frozen fish exactly as its package directs; check that the center reaches 145°F. Allow roughly 20 minutes plus preheating."",""Spread tartar sauce on the split bun and add lettuce and pickles."",""Add the cooked fillet and close the bun; serve with chips.""}","American",,false,"https://www.gortons.com/recipes/easy-fish-sandwich-recipe/","Gorton’s Seafood"
"Quick French Dip Sandwiches","Deli roast beef warms in broth for hot sandwiches with a dipping cup. Representative photo: ""French dip sandwich with pickles at Circus Circus Reno in Reno, Nevada.jpg"" by Sam Craig, CC BY-SA 2.0. Resized and recompressed as JPEG. This image adaptation remains licensed under CC BY-SA 2.0. Roast beef dip with a dipping cup. The bread and pickled garnish vary. Source: https://commons.wikimedia.org/wiki/File:French_dip_sandwich_with_pickles_at_Circus_Circus_Reno_in_Reno,_Nevada.jpg License: https://creativecommons.org/licenses/by-sa/2.0","{""lunch"",""dinner""}",15,2,2,"{""easy"",""comfort-food"",""quick"",""sandwich"",""beef""}","https://raw.githubusercontent.com/wyattrommel-code/Food-For-you/main/assets/recipe-photos/quick-french-dip-sandwiches-f3a81b94977d.jpg","{""2 6-inch sub rolls"",""6 ounces thinly sliced deli roast beef"",""2 slices provolone"",""1 1/2 cups reduced-sodium beef broth"",""1 teaspoon Worcestershire sauce"",""2 ounces potato chips""}","{""2 6-inch sub rolls"",""6 ounces thinly sliced deli roast beef"",""2 slices provolone"",""1 1/2 cups reduced-sodium beef broth"",""1 teaspoon Worcestershire sauce"",""2 ounces potato chips""}","{""Heat broth and Worcestershire sauce in a small saucepan until simmering. Add beef and warm gently for 2–3 minutes."",""Put provolone in split rolls and use tongs to add the hot beef."",""Divide the broth into dipping cups; serve sandwiches and chips with the broth alongside.""}","American",,false,"https://www.campbells.com/recipes/dripping-roast-beef-sandwiches-with-melted-provolone/","Campbell’s Kitchens"
"Skillet Reuben Sandwiches","A deli shortcut for the classic corned beef, sauerkraut and Swiss sandwich. Representative photo: ""Belle's Diner, French Market Place, New Orleans, 24 May 2016 - Reuben & Fries.jpg"" by Infrogmation of New Orleans, CC BY-SA 4.0. Resized and recompressed as JPEG. This image adaptation remains licensed under CC BY-SA 4.0. Reuben sandwich with visible corned beef, cheese and sauerkraut. The example has fries; this recipe serves chips. Source: https://commons.wikimedia.org/wiki/File:Belle%27s_Diner,_French_Market_Place,_New_Orleans,_24_May_2016_-_Reuben_%26_Fries.jpg License: https://creativecommons.org/licenses/by-sa/4.0","{""lunch"",""dinner""}",15,2,2,"{""easy"",""comfort-food"",""quick"",""sandwich"",""beef""}","https://raw.githubusercontent.com/wyattrommel-code/Food-For-you/main/assets/recipe-photos/skillet-reuben-sandwiches-0157337f4d39.jpg","{""4 slices rye bread"",""6 ounces sliced cooked deli corned beef"",""2 slices Swiss cheese"",""1/2 cup sauerkraut, well drained"",""2 tablespoons Thousand Island dressing"",""2 teaspoons softened butter"",""2 ounces potato chips""}","{""4 slices rye bread"",""6 ounces sliced cooked deli corned beef"",""2 slices Swiss cheese"",""1/2 cup sauerkraut, well drained"",""2 tablespoons Thousand Island dressing"",""2 teaspoons softened butter"",""2 ounces potato chips""}","{""Spread dressing on the inside of the bread and fill with corned beef, sauerkraut and Swiss."",""Butter the outsides and cook in a skillet over medium-low heat for 3–4 minutes per side, covering briefly until the filling is hot and cheese melts."",""Rest for a minute, halve and serve with chips.""}","American",,false,"https://www.budgetbytes.com/reuben-sandwiches/","Budget Bytes"
"Crispy Chicken Parmesan Subs","Fully cooked freezer chicken and jarred sauce turn into hot chicken subs. Representative photo: ""Chicken Parm 5.jpg"" by Key West Wedding Photography, CC BY 2.0. Resized and recompressed as JPEG. Breaded chicken, tomato sauce and melted cheese match the sub. Patty shape and bread may vary. Source: https://commons.wikimedia.org/wiki/File:Chicken_Parm_5.jpg License: https://creativecommons.org/licenses/by/2.0","{""lunch"",""dinner""}",30,2,2,"{""easy"",""comfort-food"",""quick"",""sandwich"",""chicken"",""shortcut""}","https://raw.githubusercontent.com/wyattrommel-code/Food-For-you/main/assets/recipe-photos/crispy-chicken-parmesan-subs-b953c4a44486.jpg","{""2 frozen fully cooked breaded chicken patties"",""2 6-inch sub rolls"",""1/2 cup jarred marinara sauce"",""1/2 cup shredded mozzarella"",""2 ounces potato chips""}","{""2 frozen fully cooked breaded chicken patties"",""2 6-inch sub rolls"",""1/2 cup jarred marinara sauce"",""1/2 cup shredded mozzarella"",""2 ounces potato chips""}","{""Preheat the oven and heat the chicken patties according to the package until 165°F inside. Warm marinara in a small saucepan."",""Put patties in the split rolls, spoon on sauce and add mozzarella."",""Place on a baking tray in the hot oven for 2–3 minutes, until cheese melts. Serve with chips.""}","American",,false,"https://www.budgetbytes.com/chicken-parmesan/","Budget Bytes"
"Pepperoni Pizza Grilled Cheese","A grilled cheese with pepperoni and warm pizza sauce for dipping. Representative photo: ""Liam's getting very handy with the pepperoni grilled cheese."" by On the White Line, CC BY 2.0. Resized and recompressed as JPEG. Pepperoni grilled cheese serving example; cheese variety and toast color can vary. Source: https://www.flickr.com/photos/42406847@N07/6808162103 License: https://creativecommons.org/licenses/by/2.0/","{""lunch"",""dinner""}",15,2,1,"{""easy"",""comfort-food"",""quick"",""sandwich""}","https://raw.githubusercontent.com/wyattrommel-code/Food-For-you/main/assets/recipe-photos/pepperoni-pizza-grilled-cheese-12c320309bf9.jpg","{""2 slices sandwich bread"",""1/3 cup shredded cheddar"",""8 pepperoni slices"",""1 teaspoon softened butter"",""1/4 cup pizza sauce"",""1 ounce potato chips""}","{""2 slices sandwich bread"",""1/3 cup shredded cheddar"",""8 pepperoni slices"",""1 teaspoon softened butter"",""1/4 cup pizza sauce"",""1 ounce potato chips""}","{""Fill the bread with cheddar and pepperoni; butter the outside."",""Cook over medium-low heat for 3–4 minutes per side until golden and melted. Meanwhile heat the sauce until steaming in a microwave-safe bowl."",""Cut the sandwich and serve with sauce for dipping and chips alongside.""}","American",,false,"https://www.budgetbytes.com/pizza-melts/","Budget Bytes"
"BBQ Pork and Slaw Buns","Ready-cooked refrigerated pulled pork and deli coleslaw make a fast dinner. Serving illustration from the existing Mealsolved image library. Existing illustration shows pulled pork on small buns. This version uses two regular buns and adds coleslaw.","{""lunch"",""dinner""}",15,2,2,"{""easy"",""comfort-food"",""quick"",""sandwich"",""pork"",""shortcut""}","https://raw.githubusercontent.com/wyattrommel-code/Food-For-you/main/assets/recipe-photos/bbq-pork-and-slaw-buns-9ffd855442c4.jpg","{""8 ounces refrigerated fully cooked pulled pork"",""1/4 cup barbecue sauce"",""2 hamburger buns"",""1/2 cup prepared refrigerated coleslaw"",""2 ounces potato chips""}","{""8 ounces refrigerated fully cooked pulled pork"",""1/4 cup barbecue sauce"",""2 hamburger buns"",""1/2 cup prepared refrigerated coleslaw"",""2 ounces potato chips""}","{""Heat pork with barbecue sauce using its package directions, stirring and checking that it reaches 165°F."",""Split the buns and divide the hot pork between them."",""Top with cold coleslaw and serve immediately with chips.""}","American",,false,"https://www.campbells.com/es/recetas/sandwiches-de-cerdo-desmenuzado-cocinados-a-fuego-lento/","Campbell’s Kitchens"
"Sausage Biscuit Sandwiches with Fruit","Use freezer biscuits and fully cooked sausage for breakfast at any hour. Representative photo: ""Burger King Buttermilk Biscuit Sausage sandwich (34500052032).jpg"" by Willis Lam, CC BY-SA 2.0. Resized and recompressed as JPEG. This image adaptation remains licensed under CC BY-SA 2.0. Sausage biscuit serving example. Cheese and orange slices are added when serving this recipe. Source: https://commons.wikimedia.org/wiki/File:Burger_King_Buttermilk_Biscuit_Sausage_sandwich_(34500052032).jpg License: https://creativecommons.org/licenses/by-sa/2.0","{""breakfast"",""lunch"",""dinner""}",15,2,2,"{""easy"",""comfort-food"",""quick"",""sandwich"",""breakfast""}","https://raw.githubusercontent.com/wyattrommel-code/Food-For-you/main/assets/recipe-photos/sausage-biscuit-sandwiches-with-fruit-1d5a29e96a7d.jpg","{""2 frozen fully baked biscuits"",""2 frozen fully cooked breakfast sausage patties"",""2 slices American cheese"",""2 small oranges""}","{""2 frozen fully baked biscuits"",""2 frozen fully cooked breakfast sausage patties"",""2 slices American cheese"",""2 small oranges""}","{""Heat the biscuits and sausage separately according to their packages; sausage should reach 165°F when reheated."",""Split the warm biscuits and fill with a sausage patty and cheese."",""Let the cheese soften for a minute, then serve with peeled orange segments.""}","American",,false,"https://www.jimmydean.com/recipes/holidays/sausage-biscuit-minis/","Jimmy Dean Kitchens"
"Cream Cheese Bagel and Fruit Plate","A toasted bagel with cream cheese, berries and a ready-cooked egg. Serving illustration from the existing Mealsolved image library. Existing illustration shows bagel halves with cream cheese. Fruit and the cooked egg are served alongside.","{""breakfast"",""lunch"",""dinner""}",10,2,1,"{""easy"",""comfort-food"",""quick"",""breakfast"",""vegetarian""}","https://raw.githubusercontent.com/wyattrommel-code/Food-For-you/main/assets/recipe-photos/cream-cheese-bagel-and-fruit-plate-83ef120c96ef.jpg","{""1 bagel"",""2 tablespoons spreadable cream cheese"",""1/2 cup strawberries"",""1 peeled fully cooked hard-boiled egg, refrigerated""}","{""1 bagel"",""2 tablespoons spreadable cream cheese"",""1/2 cup strawberries"",""1 peeled fully cooked hard-boiled egg, refrigerated""}","{""Split and toast the bagel. Wash and slice the strawberries."",""Spread cream cheese on both bagel halves."",""Serve with strawberries and the chilled hard-boiled egg.""}","American",,false,"https://studentsupport.op.ac.nz/assets/Bagel.pdf","Otago Polytechnic student recipe"
"Turkey Cheese and Cracker Lunch Box","An everyday lunch box of crackers, deli turkey, cheese and grapes. Representative photo: ""5th grader school lunch pears, carrots, cheese, turkey, & crackers"" by anotherlunch.com, CC BY 2.0. Resized and recompressed as JPEG. Turkey, cheese, crackers and carrots match. The photo uses pear slices; this version uses grapes. Source: https://www.flickr.com/photos/44176993@N03/8538636041 License: https://creativecommons.org/licenses/by/2.0/","{""lunch"",""dinner""}",10,1,1,"{""easy"",""comfort-food"",""quick"",""turkey"",""no-cook""}","https://raw.githubusercontent.com/wyattrommel-code/Food-For-you/main/assets/recipe-photos/turkey-cheese-and-cracker-lunch-box-e09c42def998.jpg","{""2 ounces sliced deli turkey"",""1 ounce cheddar"",""12 whole-grain crackers"",""1/2 cup seedless grapes"",""1/2 cup baby carrots""}","{""2 ounces sliced deli turkey"",""1 ounce cheddar"",""12 whole-grain crackers"",""1/2 cup seedless grapes"",""1/2 cup baby carrots""}","{""Cut cheddar into cracker-size pieces and fold the turkey slices."",""Wash grapes and carrots; arrange beside meat, cheese and crackers."",""Eat as little cracker sandwiches. Keep the meat and cheese chilled; pack crackers separately so they stay crisp.""}","American",,false,"https://www.reddit.com/r/MealPrepSunday/comments/e3yfbm/","Reddit community meal idea"
"Microwave Broccoli Cheddar Bacon Potato","A filling baked-style potato made in the microwave with frozen broccoli. Representative photo: ""Potatoes, with everything"" by ginnerobot, CC BY-SA 2.0. Resized and recompressed as JPEG. This image adaptation remains licensed under CC BY-SA 2.0. Broccoli, cheese and bacon on potato halves. This version uses a microwave rather than browning in an oven. Source: https://www.flickr.com/photos/78011127@N00/3180817177 License: https://creativecommons.org/licenses/by-sa/2.0/","{""lunch"",""dinner""}",15,2,1,"{""easy"",""comfort-food"",""quick"",""microwave"",""shortcut""}","https://raw.githubusercontent.com/wyattrommel-code/Food-For-you/main/assets/recipe-photos/microwave-broccoli-cheddar-bacon-potato-f006e9d9d3eb.jpg","{""1 medium russet potato, about 8 ounces"",""1 cup frozen broccoli florets"",""1/4 cup shredded cheddar"",""1 tablespoon milk"",""1 tablespoon sour cream"",""1/8 teaspoon salt"",""1 slice fully cooked bacon""}","{""1 medium russet potato, about 8 ounces"",""1 cup frozen broccoli florets"",""1/4 cup shredded cheddar"",""1 tablespoon milk"",""1 tablespoon sour cream"",""1/8 teaspoon salt"",""1 slice fully cooked bacon""}","{""Scrub and pierce the potato several times. Microwave on a microwave-safe plate for 5 minutes, turn and cook 2–4 minutes more until completely soft; rest 2 minutes."",""Meanwhile microwave broccoli in a covered, vented microwave-safe bowl following its package directions. Drain and stir in milk, cheddar and salt; heat briefly until cheese melts."",""Heat the bacon as its package directs and chop it. Split the potato, mash the center, and add the broccoli cheese mixture, sour cream and bacon.""}","American",,false,"https://www.budgetbytes.com/broccoli-cheddar-baked-potatoes/","Budget Bytes"
"Black Pepper Chicken and Rice","Thin chicken strips, frozen stir-fry vegetables and a simple pepper sauce. Serving illustration from the existing Mealsolved image library. Existing illustration shows peppered chicken and mixed vegetables. Rice is served alongside or beneath.","{""lunch"",""dinner""}",25,2,2,"{""easy"",""comfort-food"",""quick"",""chicken"",""rice""}","https://raw.githubusercontent.com/wyattrommel-code/Food-For-you/main/assets/recipe-photos/black-pepper-chicken-and-rice-b83d63f27a54.jpg","{""10 ounces boneless skinless chicken breast, thinly sliced"",""2 cups frozen stir-fry vegetables"",""1 tablespoon oil"",""2 tablespoons reduced-sodium soy sauce"",""1 teaspoon sugar"",""1/2 teaspoon ground black pepper"",""1 teaspoon cornstarch"",""2 tablespoons water"",""1 8.8-ounce pouch cooked microwave rice""}","{""10 ounces boneless skinless chicken breast, thinly sliced"",""2 cups frozen stir-fry vegetables"",""1 tablespoon oil"",""2 tablespoons reduced-sodium soy sauce"",""1 teaspoon sugar"",""1/2 teaspoon ground black pepper"",""1 teaspoon cornstarch"",""1 8.8-ounce pouch cooked microwave rice""}","{""Mix soy sauce, sugar, pepper, cornstarch and water. Heat oil in a skillet over medium-high and stir-fry chicken for 5–7 minutes."",""Add frozen vegetables and cook following their package time, stirring until chicken reaches 165°F and vegetables are hot. Stir in sauce and simmer 1–2 minutes until thickened."",""Heat rice according to its pouch directions and divide between bowls. Spoon chicken and vegetables over it.""}","American",,false,"https://thewoksoflife.com/black-pepper-chicken/","The Woks of Life"
"Coconut Chickpea Curry with Rice","Canned chickpeas, coconut milk and spinach simmer into an easy meatless dinner. Representative photo: ""Chickpeas curry"" by pelican, CC BY-SA 2.0. Resized and recompressed as JPEG. This image adaptation remains licensed under CC BY-SA 2.0. Chickpea curry serving example. Coconut milk makes this version lighter in color; spinach and rice are added as instructed. Source: https://www.flickr.com/photos/85936780@N00/8563900925 License: https://creativecommons.org/licenses/by-sa/2.0/","{""lunch"",""dinner""}",20,2,2,"{""easy"",""comfort-food"",""quick"",""vegetarian"",""rice"",""beans""}","https://raw.githubusercontent.com/wyattrommel-code/Food-For-you/main/assets/recipe-photos/coconut-chickpea-curry-with-rice-d1952118c357.jpg","{""1 15-ounce can chickpeas, drained"",""1 cup canned coconut milk"",""1/2 cup canned diced tomatoes"",""2 teaspoons mild curry powder"",""2 cups baby spinach"",""1/4 teaspoon salt"",""1 8.8-ounce pouch cooked microwave rice""}","{""1 15-ounce can chickpeas, drained"",""1 cup canned coconut milk"",""1/2 cup canned diced tomatoes"",""2 teaspoons mild curry powder"",""2 cups baby spinach"",""1/4 teaspoon salt"",""1 8.8-ounce pouch cooked microwave rice""}","{""Put chickpeas, coconut milk, tomatoes, curry powder and salt in a saucepan. Bring to a gentle simmer."",""Cook for 10 minutes, stirring; add spinach and simmer 2–3 minutes until wilted."",""Heat rice using its package directions and serve with the curry.""}","American",,false,"https://www.budgetbytes.com/curried-chickpeas-spinach/","Budget Bytes"
"Smoked Sausage, Baked Beans and Toast","Fully cooked sausage and a can of beans make a simple hot plate. Representative photo: ""-2021-12-03 Sausages, Baked Beans and Bubble and squeak, Trimingham, Norfolk"" by Kolforn (Kolforn) I'd appreciate if you could mail me (Kolforn@gmail.com) if you want to use this picture out of the Wikimedia project scope. .mw-parser-output .responsive-license-cc{clear:both;text-align:center;box-sizing:border-box;width:100%;justify-content:space-around;align-items:center;margin:0.5em auto;color:var(--color-base,#202122);background-color:var(--background-color-neutral-subtle,#f9f9f9);border-width:2px;border-style:solid;border-top-color:var(--border-color-subtle,#e0e0e0);border-right-color:var(--border-color-subtle,#e0e0e0);border-bottom-color:var(--border-color-subtle,#e0e0e0);border-left-color:var(--border-color-subtle,#e0e0e0);border-spacing:8px;display:flex}.mw-parser-output .responsive-license-cc div{margin:4px}.mw-parser-output .rlicense-text div{margin:0.5em auto}@media screen and (max-width:640px){.mw-parser-output .responsive-license-cc{flex-flow:column}.mw-parser-output .rlicense-text{order:1}} This file is licensed under the Creative Commons Attribution-Share Alike 4.0 International license. You are free: to share – to copy, distribute and transmit the work to remix – to adapt the work Under the following conditions: attribution – You must give appropriate credit, provide a link to the license, and indicate if changes were made. You may do so in any reasonable manner, but not in any way that suggests the licensor endorses you or your use. share alike – If you remix, transform, or build upon the material, you must distribute your contributions under the same or compatible license as the original.https://creativecommons.org/licenses/by-sa/4.0CC BY-SA 4.0 Creative Commons Attribution-Share Alike 4.0 truetrue, CC BY-SA 4.0. Resized and recompressed as JPEG. This image adaptation remains licensed under CC BY-SA 4.0. Sausage links with baked beans. The example includes a potato side; this recipe serves toast instead. Source: https://commons.wikimedia.org/w/index.php?curid=113022205 License: https://creativecommons.org/licenses/by-sa/4.0/","{""lunch"",""dinner""}",20,2,2,"{""easy"",""comfort-food"",""quick"",""one-pan"",""pork"",""beans""}","https://raw.githubusercontent.com/wyattrommel-code/Food-For-you/main/assets/recipe-photos/smoked-sausage-baked-beans-and-toast-f79b080f7da7.jpg","{""2 fully cooked smoked sausage links, about 6 ounces total"",""1 16-ounce can baked beans"",""1 tablespoon barbecue sauce"",""1 teaspoon yellow mustard"",""4 slices sandwich bread""}","{""2 fully cooked smoked sausage links, about 6 ounces total"",""1 16-ounce can baked beans"",""1 tablespoon barbecue sauce"",""1 teaspoon yellow mustard"",""4 slices sandwich bread""}","{""Heat the fully cooked sausage links according to their package until 165°F."",""Meanwhile stir beans, barbecue sauce and mustard in a saucepan; cover and simmer gently for 8–10 minutes, stirring, until steaming."",""Toast the bread and serve beside the hot sausages and beans.""}","American",,false,"https://drakes.com.au/wp-content/uploads/2023/11/Week-49_QR-Recipe-A4.pdf","Drakes supermarket recipe"
"Buttery Spinach Ravioli and Peas","Refrigerated cheese ravioli and frozen peas need just butter and Parmesan. Representative photo: ""20060521 spinach ravioli 03"" by jspatchwork, CC BY 2.0. Resized and recompressed as JPEG. Spinach ravioli with butter and greens; this version adds peas and Parmesan. Portion size may vary. Source: https://www.flickr.com/photos/23126594@N00/151137174 License: https://creativecommons.org/licenses/by/2.0/","{""lunch"",""dinner""}",15,2,2,"{""easy"",""comfort-food"",""quick"",""vegetarian"",""pasta""}","https://raw.githubusercontent.com/wyattrommel-code/Food-For-you/main/assets/recipe-photos/buttery-spinach-ravioli-and-peas-079aa77a7e7f.jpg","{""1 9-ounce package refrigerated spinach and cheese ravioli"",""1 cup frozen peas"",""1 tablespoon butter"",""2 tablespoons grated Parmesan"",""1/4 teaspoon garlic powder""}","{""1 9-ounce package refrigerated spinach and cheese ravioli"",""1 cup frozen peas"",""1 tablespoon butter"",""2 tablespoons grated Parmesan"",""1/4 teaspoon garlic powder""}","{""Boil ravioli following package directions; add peas for the last 3 minutes. Reserve a little cooking water before draining."",""Return ravioli and peas to the warm pan over low heat. Gently stir in butter and garlic powder, loosening with a spoonful of cooking water if needed."",""Turn off the heat, sprinkle with Parmesan and divide between bowls.""}","American",,false,"https://www.budgetbytes.com/ravioli-with-sage-brown-butter-sauce/","Budget Bytes"
"Salsa Eggs over Microwave Rice","Eggs cook gently in jarred salsa for an easy rice-bowl dinner. Serving illustration from the existing Mealsolved image library. Existing illustration shows eggs in tomato sauce. This shortcut uses jarred salsa, fully sets the eggs and serves rice underneath.","{""lunch"",""dinner""}",15,2,2,"{""easy"",""comfort-food"",""quick"",""vegetarian"",""egg"",""rice""}","https://raw.githubusercontent.com/wyattrommel-code/Food-For-you/main/assets/recipe-photos/salsa-eggs-over-microwave-rice-9258e33e52b9.jpg","{""4 large eggs"",""1 cup mild chunky salsa"",""1/4 cup water"",""1 8.8-ounce pouch cooked microwave rice"",""1/4 cup shredded cheddar""}","{""4 large eggs"",""1 cup mild chunky salsa"",""1 8.8-ounce pouch cooked microwave rice"",""1/4 cup shredded cheddar""}","{""Bring salsa and water to a simmer in a small nonstick skillet."",""Make four shallow spaces and crack an egg into each. Cover and cook over medium-low for 7–10 minutes until whites and yolks are firm."",""Heat rice according to the pouch directions. Spoon eggs and salsa over rice and add cheddar.""}","American",,false,"https://www.budgetbytes.com/salsa-poached-eggs/","Budget Bytes"
"Refried Bean Tostadas","Crunchy ready-made tostadas topped with warm beans, cheese and lettuce. Representative photo: ""black bean tostadas"" by goblinbox_(queen_of_ad_hoc_bento), CC BY 2.0. Resized and recompressed as JPEG. Bean tostadas with lettuce, cheese, salsa and sour cream. Optional avocado and herbs in the example are not required. Source: https://www.flickr.com/photos/25977089@N00/8037465290 License: https://creativecommons.org/licenses/by/2.0/","{""lunch"",""dinner""}",15,2,2,"{""easy"",""comfort-food"",""quick"",""vegetarian"",""beans""}","https://raw.githubusercontent.com/wyattrommel-code/Food-For-you/main/assets/recipe-photos/refried-bean-tostadas-832ca2c80185.jpg","{""4 ready-to-eat corn tostada shells"",""1 16-ounce can refried beans"",""1/2 cup shredded cheddar"",""1 cup shredded lettuce"",""1/4 cup salsa"",""2 tablespoons sour cream""}","{""4 ready-to-eat corn tostada shells"",""1 16-ounce can refried beans"",""1/2 cup shredded cheddar"",""1 cup shredded lettuce"",""1/4 cup salsa"",""2 tablespoons sour cream""}","{""Heat refried beans in a saucepan over low heat, stirring, until steaming; thin with a spoonful of water if needed."",""Warm tostada shells only if their package directs. Spread each with beans and sprinkle with cheddar."",""Add lettuce, salsa and sour cream; serve immediately while crisp.""}","American",,false,"https://www.budgetbytes.com/tostadas/","Budget Bytes"
"Pantry Salmon Patties with Crackers","Canned salmon and crushed crackers make small skillet patties. Representative photo: ""Salmon Cakes"" by Laurel Fan, CC BY-SA 2.0. Resized and recompressed as JPEG. This image adaptation remains licensed under CC BY-SA 2.0. Pan-fried salmon patties closely match the method. The example serves greens; crackers and carrots accompany this version. Source: https://www.flickr.com/photos/18295242@N00/3124198342 License: https://creativecommons.org/licenses/by-sa/2.0/","{""lunch"",""dinner""}",25,2,2,"{""easy"",""comfort-food"",""quick"",""fish""}","https://raw.githubusercontent.com/wyattrommel-code/Food-For-you/main/assets/recipe-photos/pantry-salmon-patties-with-crackers-0591c086b9b9.jpg","{""1 14.75-ounce can salmon, drained"",""1 large egg"",""1/2 cup finely crushed saltine crackers"",""1 tablespoon mayonnaise"",""1 teaspoon lemon juice"",""1 tablespoon oil"",""12 saltine crackers for serving"",""1 cup baby carrots""}","{""1 14.75-ounce can salmon, drained"",""1 large egg"",""1/2 cup finely crushed saltine crackers"",""1 tablespoon mayonnaise"",""1 teaspoon lemon juice"",""1 tablespoon oil"",""12 saltine crackers for serving"",""1 cup baby carrots""}","{""Flake salmon, removing skin and any firm bones; mash soft edible bones if keeping them. Mix with egg, crushed crackers, mayonnaise and lemon juice."",""Shape into four patties. Heat oil over medium and cook 4–5 minutes per side, turning gently, until the centers reach 160°F."",""Serve two patties per person with extra crackers and washed carrots.""}","American",,false,"https://www.budgetbytes.com/salmon-patties/","Budget Bytes"
"Cheddar Grits and Scrambled Egg Bowls","Instant grits and soft scrambled eggs make a simple breakfast-for-dinner bowl. Representative photo: ""Cheese grits at Alias"" by barry.pousman, CC BY 2.0. Resized and recompressed as JPEG. Cheddar grits serving example. Scrambled eggs are added after cooking in this version. Source: https://www.flickr.com/photos/27202949@N00/5904969674 License: https://creativecommons.org/licenses/by/2.0/","{""breakfast"",""lunch"",""dinner""}",15,2,2,"{""easy"",""comfort-food"",""quick"",""vegetarian"",""breakfast"",""egg""}","https://raw.githubusercontent.com/wyattrommel-code/Food-For-you/main/assets/recipe-photos/cheddar-grits-and-scrambled-egg-bowls-ac8c017629d9.jpg","{""2 packets plain instant grits, about 1 ounce each"",""1 cup water"",""1/2 cup shredded cheddar"",""4 large eggs"",""1 teaspoon butter"",""1/8 teaspoon black pepper""}","{""2 packets plain instant grits, about 1 ounce each"",""1/2 cup shredded cheddar"",""4 large eggs"",""1 teaspoon butter"",""1/8 teaspoon black pepper""}","{""Prepare grits with the package-specified water and microwave time. Stir in cheddar."",""Beat the eggs with pepper. Melt butter in a nonstick skillet over medium-low and gently stir the eggs until fully set with no liquid egg remaining."",""Divide grits into two bowls and spoon the eggs on top.""}","American",,false,"https://www.budgetbytes.com/cheddar-grits-breakfast-bowls/","Budget Bytes"
"Creamy Tomato Tortellini and Spinach","Refrigerated cheese tortellini in a quick creamy jar-sauce dinner. Representative photo: ""Tortellini Pomodoro - Cafe Vini Spuntini AUD12.50"" by avlxyz, CC BY-SA 2.0. Resized and recompressed as JPEG. This image adaptation remains licensed under CC BY-SA 2.0. Tortellini in tomato sauce with Parmesan. Cream cheese and spinach are added in this version. Source: https://www.flickr.com/photos/10559879@N00/3146055955 License: https://creativecommons.org/licenses/by-sa/2.0/","{""lunch"",""dinner""}",20,2,2,"{""easy"",""comfort-food"",""quick"",""vegetarian"",""pasta""}","https://raw.githubusercontent.com/wyattrommel-code/Food-For-you/main/assets/recipe-photos/creamy-tomato-tortellini-and-spinach-3c86b6de95ee.jpg","{""1 9-ounce package refrigerated cheese tortellini"",""1 cup jarred marinara sauce"",""2 tablespoons cream cheese"",""2 cups baby spinach"",""2 tablespoons grated Parmesan""}","{""1 9-ounce package refrigerated cheese tortellini"",""1 cup jarred marinara sauce"",""2 tablespoons cream cheese"",""2 cups baby spinach"",""2 tablespoons grated Parmesan""}","{""Boil tortellini as the package directs and drain, reserving a little cooking water."",""Warm marinara with cream cheese over low heat, stirring until smooth. Add spinach and cook until wilted."",""Gently fold in tortellini; loosen with a spoonful of cooking water if needed. Sprinkle with Parmesan.""}","American",,false,"https://www.budgetbytes.com/spinach-tortellini-skillet/","Budget Bytes"
"Boxed Mac with Hot Dogs and Peas","One box of mac and cheese, sliced hot dogs and peas for a familiar shortcut meal. Representative photo: ""Flickr qmnonic 123431456--Kraft Dinner and veggie dogs"" by Matt MacGillivray from Toronto, Ontario, Canada, CC BY 2.0. Resized and recompressed as JPEG. Macaroni with sliced veggie dogs in the source photo. Use the hot dogs listed in this recipe; peas replace the pictured tomato garnish. Source: https://commons.wikimedia.org/w/index.php?curid=2201560 License: https://creativecommons.org/licenses/by/2.0/","{""lunch"",""dinner""}",20,2,3,"{""easy"",""comfort-food"",""quick"",""pasta"",""shortcut""}","https://raw.githubusercontent.com/wyattrommel-code/Food-For-you/main/assets/recipe-photos/boxed-mac-with-hot-dogs-and-peas-10d8ee50f1af.jpg","{""1 7.25-ounce box macaroni and cheese with powder sauce"",""4 fully cooked hot dogs"",""1 cup frozen peas"",""1/4 cup milk, or amount on box"",""4 tablespoons butter, or amount on box""}","{""1 7.25-ounce box macaroni and cheese with powder sauce"",""4 fully cooked hot dogs"",""1 cup frozen peas"",""1/4 cup milk, or amount on box"",""4 tablespoons butter, or amount on box""}","{""Boil macaroni according to its box. Add peas during the final 3 minutes, then drain."",""Slice hot dogs and heat in a covered, vented microwave-safe dish according to their package until 165°F."",""Mix pasta and peas with the cheese packet, milk and butter using the box amounts. Fold in hot dogs and serve hot.""}","American",,false,"https://www.kraftheinz.com/kraft-mac-and-cheese/recipes/6xEyvmZPk3RCUpaLdL44p4-mac-cheese-hot-dog-skillet","Kraft Heinz Kitchens"
"Shortcut Meatball Subs","Fully cooked frozen meatballs simmer in marinara for hot, cheesy subs. Representative photo: ""Mmm... meatball sub"" by jeffreyw, CC BY 2.0. Resized and recompressed as JPEG. Meatballs, tomato sauce and melted cheese in a roll. Pickled peppers in the example are optional; chips are served separately. Source: https://www.flickr.com/photos/7927684@N03/14124488594 License: https://creativecommons.org/licenses/by/2.0/","{""lunch"",""dinner""}",25,2,2,"{""easy"",""comfort-food"",""quick"",""sandwich"",""beef"",""shortcut""}","https://raw.githubusercontent.com/wyattrommel-code/Food-For-you/main/assets/recipe-photos/shortcut-meatball-subs-f2a7e365dce2.jpg","{""8 small frozen fully cooked beef meatballs"",""1 cup jarred marinara sauce"",""2 6-inch sub rolls"",""1/2 cup shredded mozzarella"",""2 ounces potato chips""}","{""8 small frozen fully cooked beef meatballs"",""1 cup jarred marinara sauce"",""2 6-inch sub rolls"",""1/2 cup shredded mozzarella"",""2 ounces potato chips""}","{""Heat meatballs in marinara according to their package directions, stirring gently until the centers reach 165°F."",""Fill split sub rolls with the hot meatballs and sauce. Sprinkle with mozzarella."",""Place in a 375°F oven for 3–5 minutes to melt the cheese, allowing preheating while the meatballs cook. Serve with chips.""}","American",,false,"https://www.realmomnutrition.com/easy-meatball-subs/","Sally Kuzemchak, Real Mom Nutrition"
"Rotisserie Chicken Caesar Salad Dinner","A bagged Caesar kit and ready-cooked chicken make a no-cook dinner. Serving illustration from the existing Mealsolved image library. Existing illustration shows chicken Caesar salad. Rolls are served alongside.","{""lunch"",""dinner""}",10,1,2,"{""easy"",""comfort-food"",""quick"",""chicken"",""salad"",""no-cook""}","https://raw.githubusercontent.com/wyattrommel-code/Food-For-you/main/assets/recipe-photos/rotisserie-chicken-caesar-salad-dinner-807261ce01f3.jpg","{""1 10-ounce refrigerated Caesar salad kit with dressing and croutons"",""8 ounces chilled cooked rotisserie chicken, shredded"",""2 ready-to-eat dinner rolls""}","{""1 10-ounce refrigerated Caesar salad kit with dressing and croutons"",""8 ounces chilled cooked rotisserie chicken, shredded"",""2 ready-to-eat dinner rolls""}","{""Open the salad kit and put the greens into a large bowl."",""Add the chilled chicken, dressing and kit toppings; toss gently."",""Divide between plates and serve a roll alongside each. Keep any unused chicken refrigerated.""}","American",,false,"https://www.taylorfarms.com/recipes/hot-honey-chicken-caesar-salad/","Taylor Farms"
"Easy Banana Split","A small banana split using ice cream and ready-made sauce. Representative photo: ""Traditional Banana Boat.jpg"" by Mealsolved existing image library, CC BY-SA 3.0. Resized and recompressed as JPEG. This image adaptation remains licensed under CC BY-SA 3.0. Banana split serving example. This smaller version uses vanilla ice cream and chocolate syrup; toppings and portion size vary. Source: https://commons.wikimedia.org/wiki/File:Traditional_Banana_Boat.jpg License: https://creativecommons.org/licenses/by-sa/3.0/","{""dessert""}",5,1,2,"{""easy"",""comfort-food"",""quick"",""dessert"",""no-cook""}","https://raw.githubusercontent.com/wyattrommel-code/Food-For-you/main/assets/recipe-photos/easy-banana-split-83610edb248a.jpg","{""2 small bananas"",""1 cup vanilla ice cream"",""2 tablespoons chocolate syrup"",""1/4 cup whipped topping"",""2 maraschino cherries""}","{""2 small bananas"",""1 cup vanilla ice cream"",""2 tablespoons chocolate syrup"",""1/4 cup whipped topping"",""2 maraschino cherries""}","{""Peel each banana and split it lengthwise onto a dessert plate."",""Place half the ice cream between each pair of banana halves."",""Drizzle with chocolate syrup and add whipped topping and a cherry; serve immediately.""}","American",,false,"https://www.hersheyland.com/sundaes","Hersheyland"
"Chocolate Sauce Ice Cream Sundaes","A scoop-shop style dessert assembled from freezer and pantry staples. Representative photo: ""Chocolate Sundae"" by TheCulinaryGeek, CC BY 2.0. Resized and recompressed as JPEG. Ice cream, chocolate sauce and whipped topping match. Fruit garnish is optional. Source: https://www.flickr.com/photos/72949902@N00/5076304491 License: https://creativecommons.org/licenses/by/2.0/","{""dessert""}",5,1,2,"{""easy"",""comfort-food"",""quick"",""dessert"",""no-cook""}","https://raw.githubusercontent.com/wyattrommel-code/Food-For-you/main/assets/recipe-photos/chocolate-sauce-ice-cream-sundaes-3dbf27300938.jpg","{""1 cup vanilla ice cream"",""2 tablespoons chocolate syrup"",""2 tablespoons chopped peanuts"",""2 tablespoons whipped topping""}","{""1 cup vanilla ice cream"",""2 tablespoons chocolate syrup"",""2 tablespoons chopped peanuts"",""2 tablespoons whipped topping""}","{""Scoop ice cream into two small bowls."",""Drizzle each with chocolate syrup."",""Top with peanuts and whipped topping and serve straight away.""}","American",,false,"https://www.hersheyland.com/sundaes","Hersheyland"
"Chocolate Pudding and Cookie Cups","Instant pudding and crushed cookies make a quick chilled treat. Representative photo: ""Chocolate pudding with a butterfly.jpg"" by E4024, CC BY-SA 4.0. Resized and recompressed as JPEG. This image adaptation remains licensed under CC BY-SA 4.0. Chocolate pudding in a dessert glass. This version adds crushed cookies; the decorative butterfly in the photo is not required. Source: https://commons.wikimedia.org/wiki/File:Chocolate_pudding_with_a_butterfly.jpg License: https://creativecommons.org/licenses/by-sa/4.0","{""dessert""}",10,1,4,"{""easy"",""comfort-food"",""quick"",""dessert"",""no-cook""}","https://raw.githubusercontent.com/wyattrommel-code/Food-For-you/main/assets/recipe-photos/chocolate-pudding-and-cookie-cups-59ad7a86b539.jpg","{""1 3.9-ounce box instant chocolate pudding mix"",""2 cups cold milk"",""4 chocolate sandwich cookies"",""1/4 cup whipped topping""}","{""1 3.9-ounce box instant chocolate pudding mix"",""2 cups cold milk"",""4 chocolate sandwich cookies"",""1/4 cup whipped topping""}","{""Whisk pudding mix and cold milk for 2 minutes, or follow the exact liquid amount on the box."",""Divide among four cups and refrigerate for the package setting time, usually 5 minutes."",""Crush cookies over the set pudding and spoon on whipped topping just before serving.""}","American",,false,"https://www.createdby-diane.com/mini-chocolate-pudding-cookie-cups/","Created by Diane"
"Quick Banana Pudding Cups","An easy layered dessert with instant pudding, banana and vanilla wafers. Representative photo: ""Classic Banana Pudding - 50595000172.jpg"" by Alabama Extension, CC0. Resized and recompressed as JPEG. Banana, vanilla pudding and wafer layers match. This recipe divides them into individual cups. Source: https://commons.wikimedia.org/wiki/File:Classic_Banana_Pudding_-_50595000172.jpg License: https://creativecommons.org/publicdomain/zero/1.0/deed.en","{""dessert""}",15,1,4,"{""easy"",""comfort-food"",""quick"",""dessert"",""no-cook""}","https://raw.githubusercontent.com/wyattrommel-code/Food-For-you/main/assets/recipe-photos/quick-banana-pudding-cups-6a43913a07f9.jpg","{""1 3.4-ounce box instant vanilla pudding mix"",""2 cups cold milk"",""2 small bananas"",""12 vanilla wafer cookies"",""1/4 cup whipped topping""}","{""1 3.4-ounce box instant vanilla pudding mix"",""2 cups cold milk"",""2 small bananas"",""12 vanilla wafer cookies"",""1/4 cup whipped topping""}","{""Whisk pudding mix with milk following package amounts and let set in the refrigerator, usually 5 minutes."",""Slice bananas. Layer pudding, banana and wafers into four cups."",""Add whipped topping and serve while the wafers are crisp, or refrigerate for softer wafers. The listed time is for immediate serving.""}","American",,false,"https://www.budgetbytes.com/banana-pudding/","Budget Bytes"
"Berry Banana Yogurt Parfaits","Fruit, vanilla yogurt and granola make a dessert that needs no cooking. Representative photo: ""Dannon Low Fat Yogurt Parfait 2 (15876174771).jpg"" by Willis Lam, CC BY-SA 2.0. Resized and recompressed as JPEG. This image adaptation remains licensed under CC BY-SA 2.0. Berry yogurt and granola parfait. This version also includes banana; layers and container vary. Source: https://commons.wikimedia.org/wiki/File:Dannon_Low_Fat_Yogurt_Parfait_2_(15876174771).jpg License: https://creativecommons.org/licenses/by-sa/2.0","{""dessert"",""breakfast""}",10,1,2,"{""easy"",""comfort-food"",""quick"",""dessert"",""breakfast"",""no-cook""}","https://raw.githubusercontent.com/wyattrommel-code/Food-For-you/main/assets/recipe-photos/berry-banana-yogurt-parfaits-bf288bf0b4e4.jpg","{""1 cup vanilla yogurt"",""1 small banana"",""3/4 cup strawberries"",""1/4 cup granola"",""1/4 cup blueberries""}","{""1 cup vanilla yogurt"",""1 small banana"",""3/4 cup strawberries"",""1/4 cup granola"",""1/4 cup blueberries""}","{""Wash the berries, slice the strawberries, and peel and slice the banana."",""Layer half the fruit and yogurt in each of two cups."",""Add granola just before eating so it stays crunchy.""}","American",,false,"https://www.nutrition.gov/recipes/breakfast-banana-split","Nutrition.gov"
"Microwave Smores","Classic chocolate and marshmallow sandwiches without a campfire. Representative photo: ""Vegetarian s'mores (3680344160).jpg"" by Heather Katsoulis from Western Mass, CC BY-SA 2.0. Resized and recompressed as JPEG. This image adaptation remains licensed under CC BY-SA 2.0. Chocolate and marshmallow between graham crackers. Microwave marshmallows stay pale rather than toasted. Source: https://commons.wikimedia.org/wiki/File:Vegetarian_s%27mores_(3680344160).jpg License: https://creativecommons.org/licenses/by-sa/2.0","{""dessert""}",5,2,2,"{""easy"",""comfort-food"",""quick"",""dessert"",""microwave""}","https://raw.githubusercontent.com/wyattrommel-code/Food-For-you/main/assets/recipe-photos/microwave-smores-82b651ac4496.jpg","{""2 whole graham cracker sheets"",""2 large marshmallows"",""1 ounce milk chocolate, broken into 2 pieces""}","{""2 whole graham cracker sheets"",""2 large marshmallows"",""1 ounce milk chocolate, broken into 2 pieces""}","{""Break each graham cracker sheet in half. Put two halves on a microwave-safe plate and top each with chocolate and a marshmallow."",""Microwave in 5-second bursts just until marshmallows puff, usually 10–20 seconds total; watch continuously."",""Add the remaining cracker halves and rest for a minute before eating; the filling will be hot.""}","American",,false,"https://www.hersheyland.com/recipes/hersheys-smores.html","Hersheyland"
"Chocolate Peanut Butter Mug Cake","An egg-free chocolate cake for one, mixed and cooked in a mug. Representative photo: ""Chocolate Mug Cake"" by Mr Michael Phams, CC BY-SA 2.0. Resized and recompressed as JPEG. This image adaptation remains licensed under CC BY-SA 2.0. Chocolate cake cooked in a mug. The peanut butter center is inside; mint garnish in the example is optional. Source: https://www.flickr.com/photos/32003811@N04/3285263773 License: https://creativecommons.org/licenses/by-sa/2.0/","{""dessert""}",5,2,1,"{""easy"",""comfort-food"",""quick"",""dessert"",""microwave""}","https://raw.githubusercontent.com/wyattrommel-code/Food-For-you/main/assets/recipe-photos/chocolate-peanut-butter-mug-cake-48a2557ed641.jpg","{""2 tablespoons all-purpose flour"",""1 tablespoon unsweetened cocoa powder"",""2 teaspoons sugar"",""1/4 teaspoon baking powder"",""2 tablespoons milk"",""1 tablespoon neutral oil"",""1 tablespoon peanut butter""}","{""2 tablespoons all-purpose flour"",""1 tablespoon unsweetened cocoa powder"",""2 teaspoons sugar"",""1/4 teaspoon baking powder"",""2 tablespoons milk"",""1 tablespoon neutral oil"",""1 tablespoon peanut butter""}","{""In a microwave-safe mug holding at least 12 ounces, stir flour, cocoa, sugar and baking powder until evenly mixed."",""Stir in milk and oil, scraping the bottom; drop peanut butter into the center."",""Microwave on high for about 60 seconds, then in 10-second bursts if needed until no wet batter remains. Rest 1 minute. Microwave power varies; do not eat uncooked batter.""}","American",,false,"https://www.budgetbytes.com/the-one-chocolate-mug-cake/","Budget Bytes"
"Oven Cinnamon Apple","One soft oven-baked apple with a cinnamon butter center. About 5 minutes of hands-on work and 50 minutes total, including preheating and a short rest. Representative photo: ""Baked apple 02.JPG"" by Andrey Korzun, CC BY-SA 4.0. Resized and recompressed as JPEG. This image adaptation remains licensed under CC BY-SA 4.0. Whole baked apple serving example. This recipe uses cinnamon butter in the center and yogurt alongside. Source: https://commons.wikimedia.org/wiki/File:Baked_apple_02.JPG License: https://creativecommons.org/licenses/by-sa/4.0","{""dessert""}",50,2,1,"{""easy"",""comfort-food"",""dessert"",""low-active-time""}","https://raw.githubusercontent.com/wyattrommel-code/Food-For-you/main/assets/recipe-photos/oven-cinnamon-apple-23760255350d.jpg","{""1 medium baking apple"",""1 teaspoon brown sugar"",""1/4 teaspoon cinnamon"",""1 teaspoon butter"",""2 tablespoons water"",""2 tablespoons vanilla yogurt""}","{""1 medium baking apple"",""1 teaspoon brown sugar"",""1/4 teaspoon cinnamon"",""1 teaspoon butter"",""2 tablespoons vanilla yogurt""}","{""Heat the oven to 375°F. Remove the core from the apple, leaving the bottom intact, and place it upright in a small baking dish."",""Fill the center with sugar, cinnamon and butter; pour water into the dish. Bake for 30–35 minutes, or until a fork slides easily into the flesh."",""Rest for 5 minutes and serve with yogurt. Larger or firmer apples can take longer.""}","American",,false,"https://foodhero.org/recipes/baked-apple-and-cranberries","Oregon State University Food Hero"
"Apple Wedges with Peanut Butter and Chocolate","Apple slices with peanut butter drizzle and chocolate chips. Representative photo: ""despite warning, eat peanut containing peanut butter (with honey crisp apple slices)"" by Crystl, CC BY 2.0. Resized and recompressed as JPEG. Apple wedges with peanut butter. Chocolate chips and raisins are served alongside in this version. Source: https://www.flickr.com/photos/10953991@N00/252041504 License: https://creativecommons.org/licenses/by/2.0/","{""dessert""}",10,2,2,"{""easy"",""comfort-food"",""quick"",""dessert"",""fruit""}","https://raw.githubusercontent.com/wyattrommel-code/Food-For-you/main/assets/recipe-photos/apple-wedges-with-peanut-butter-and-chocolate-7a4501462060.jpg","{""2 medium apples"",""2 tablespoons peanut butter"",""1 tablespoon mini chocolate chips"",""1 tablespoon raisins"",""1 teaspoon water""}","{""2 medium apples"",""2 tablespoons peanut butter"",""1 tablespoon mini chocolate chips"",""1 tablespoon raisins""}","{""Wash, core and thinly slice apples; spread on a plate."",""Stir peanut butter with water and warm in a microwave-safe bowl for 5–10 seconds if needed to make it drizzle."",""Serve apple wedges with the softened peanut butter for dipping; scatter chocolate chips and raisins alongside.""}","American",,false,"https://www.reddit.com/r/Volumeeating/comments/yrxwkx/","Reddit community meal idea"
"Peaches and Vanilla Cream Cups","Canned peaches and vanilla yogurt for a simple spoon dessert. Representative photo: ""✨ Peaches, yogurt & chocolate mint ♡✨"" by Debs (ò‿ó)♪, CC BY 2.0. Resized and recompressed as JPEG. Peaches in a creamy yogurt mixture. Mint in the example is an optional garnish. Source: https://www.flickr.com/photos/30223382@N06/9395009517 License: https://creativecommons.org/licenses/by/2.0/","{""dessert""}",5,1,2,"{""easy"",""comfort-food"",""quick"",""dessert"",""no-cook""}","https://raw.githubusercontent.com/wyattrommel-code/Food-For-you/main/assets/recipe-photos/peaches-and-vanilla-cream-cups-6ac0f2faa806.jpg","{""1 15-ounce can sliced peaches in juice, drained"",""1/2 cup vanilla yogurt"",""2 tablespoons whipped topping"",""1/8 teaspoon cinnamon""}","{""1 15-ounce can sliced peaches in juice, drained"",""1/2 cup vanilla yogurt"",""2 tablespoons whipped topping"",""1/8 teaspoon cinnamon""}","{""Drain the peaches and divide between two dessert bowls."",""Spoon vanilla yogurt over the peaches."",""Add whipped topping, dust with cinnamon and serve.""}","American",,false,"https://www.budgetbytes.com/honey-vanilla-cottage-cheese-fruit-dip/","Budget Bytes"
"Cinnamon Sugar Toast Fingers","Warm buttered toast with cinnamon sugar makes a small, familiar sweet treat. Representative photo: ""Cinnamon Sugar Toast with Coffee"" by tosh!zumi, CC BY 2.0. Resized and recompressed as JPEG. Cinnamon sugar toast serving example. This version uses sliced sandwich bread; coffee is not part of the dessert. Source: https://www.flickr.com/photos/86666619@N00/4715909341 License: https://creativecommons.org/licenses/by/2.0/","{""dessert""}",10,2,2,"{""easy"",""comfort-food"",""quick"",""dessert""}","https://raw.githubusercontent.com/wyattrommel-code/Food-For-you/main/assets/recipe-photos/cinnamon-sugar-toast-fingers-d516b7fc26f0.jpg","{""2 slices sandwich bread"",""2 teaspoons softened butter"",""2 teaspoons sugar"",""1/4 teaspoon cinnamon""}","{""2 slices sandwich bread"",""2 teaspoons softened butter"",""2 teaspoons sugar"",""1/4 teaspoon cinnamon""}","{""Toast the bread until golden."",""Mix the cinnamon and sugar. Spread butter on the warm toast, then sprinkle with the mixture."",""Cut each slice into fingers and serve while warm.""}","American",,false,"https://www.food.com/recipe/cinnamon-toast-62057","Food.com community recipe"
"Quick Rice Pudding with Raisins","Use cooked rice for a small warm pudding without a long chill. Representative photo: ""Rice pudding: the finished product"" by randomduck, CC BY-SA 2.0. Resized and recompressed as JPEG. This image adaptation remains licensed under CC BY-SA 2.0. Creamy rice pudding. This version includes raisins and cinnamon and is served warm. Source: https://www.flickr.com/photos/96463101@N00/428297650 License: https://creativecommons.org/licenses/by-sa/2.0/","{""dessert""}",25,2,2,"{""easy"",""comfort-food"",""quick"",""dessert""}","https://raw.githubusercontent.com/wyattrommel-code/Food-For-you/main/assets/recipe-photos/quick-rice-pudding-with-raisins-6fbbb137331f.jpg","{""1 cup cooked rice, freshly cooked or promptly refrigerated"",""1 cup milk"",""2 tablespoons sugar"",""2 tablespoons raisins"",""1/4 teaspoon cinnamon"",""1/4 teaspoon vanilla extract""}","{""1 cup cooked rice, freshly cooked or promptly refrigerated"",""1 cup milk"",""2 tablespoons sugar"",""2 tablespoons raisins"",""1/4 teaspoon cinnamon"",""1/4 teaspoon vanilla extract""}","{""Put rice, milk, sugar and raisins in a saucepan and bring to a gentle simmer."",""Cook over low heat for 12–15 minutes, stirring often, until creamy and hot throughout; leftover rice should reach 165°F."",""Stir in cinnamon and vanilla. Rest for 5 minutes and serve warm; refrigerate leftovers promptly.""}","American",,false,"https://www.budgetbytes.com/rice-pudding/","Budget Bytes"
"Mint Chip Cookie Ice Cream Sandwiches","Store-bought cookies and ice cream make an immediate freezer treat. Representative photo: ""the ice cream sandwich"" by Phil Denton, CC BY-SA 2.0. Resized and recompressed as JPEG. This image adaptation remains licensed under CC BY-SA 2.0. Mint chip ice cream between cookies matches this dessert. Cookie size and mini-chip coating vary. Source: https://www.flickr.com/photos/37475039@N04/8032034278 License: https://creativecommons.org/licenses/by-sa/2.0/","{""dessert""}",5,1,2,"{""easy"",""comfort-food"",""quick"",""dessert"",""no-cook""}","https://raw.githubusercontent.com/wyattrommel-code/Food-For-you/main/assets/recipe-photos/mint-chip-cookie-ice-cream-sandwiches-a7172ea3d758.jpg","{""4 medium store-bought chocolate chip cookies"",""1/2 cup mint chocolate chip ice cream"",""1 tablespoon mini chocolate chips""}","{""4 medium store-bought chocolate chip cookies"",""1/2 cup mint chocolate chip ice cream"",""1 tablespoon mini chocolate chips""}","{""Set two cookies flat-side up. Let the ice cream soften just enough to scoop."",""Put 1/4 cup ice cream on each and gently press a second cookie on top."",""Press mini chocolate chips around the edges and eat immediately. Optional freezing makes them firmer but is not included in the 5-minute serving time.""}","American",,false,"https://www.hersheyland.com/stories/how-to-make-ice-cream-sandwiches-at-home.html","Hersheyland"
"No-Bake Cheesecake Dessert Cups","Spoonable cheesecake-style cups using spreadable cream cheese; no firm slicing or chilling needed. Representative photo: ""Mini Cheese Cake in a Jar"" by mommyknows { Kim Becker }, CC BY 2.0. Resized and recompressed as JPEG. Creamy dessert, crumb base and strawberry topping in jars. These soft no-bake cups may be less firm; extra berries are optional. Source: https://www.flickr.com/photos/13724840@N00/7901145366 License: https://creativecommons.org/licenses/by/2.0/","{""dessert""}",10,1,2,"{""easy"",""comfort-food"",""quick"",""dessert"",""no-cook""}","https://raw.githubusercontent.com/wyattrommel-code/Food-For-you/main/assets/recipe-photos/no-bake-cheesecake-dessert-cups-bc5297f7781e.jpg","{""1/4 cup plain spreadable cream cheese"",""1/4 cup vanilla yogurt"",""1 tablespoon powdered sugar"",""2 graham cracker sheets"",""1/2 cup strawberries, washed and diced""}","{""1/4 cup plain spreadable cream cheese"",""1/4 cup vanilla yogurt"",""1 tablespoon powdered sugar"",""2 graham cracker sheets"",""1/2 cup strawberries, washed and diced""}","{""Stir spreadable cream cheese, yogurt and powdered sugar until smooth."",""Crush graham crackers into two small cups and divide the soft cream mixture over them."",""Spoon strawberries on top and serve immediately, or refrigerate until needed. These cups stay soft like a parfait.""}","American",,false,"https://www.budgetbytes.com/no-bake-cheesecake/","Budget Bytes"
"Vanilla Yogurt Fruit Dip","A quick vanilla dip with fresh fruit for sharing. Representative photo: ""Dust and dip"" by fishhawk, CC BY 2.0. Resized and recompressed as JPEG. Strawberries with a pale creamy dip. This version uses vanilla yogurt and whipped topping and adds apple slices. Source: https://www.flickr.com/photos/16502322@N03/5757698122 License: https://creativecommons.org/licenses/by/2.0/","{""dessert""}",10,1,2,"{""easy"",""comfort-food"",""quick"",""dessert"",""no-cook""}","https://raw.githubusercontent.com/wyattrommel-code/Food-For-you/main/assets/recipe-photos/vanilla-yogurt-fruit-dip-621f93526c2f.jpg","{""1/2 cup vanilla Greek yogurt"",""1/4 cup whipped topping"",""1 teaspoon honey"",""1 medium apple"",""1 cup strawberries""}","{""1/2 cup vanilla Greek yogurt"",""1/4 cup whipped topping"",""1 teaspoon honey"",""1 medium apple"",""1 cup strawberries""}","{""Stir yogurt and honey together, then gently fold in whipped topping."",""Wash the fruit, core and slice the apple, and halve the strawberries."",""Divide fruit between two plates and serve with the dip.""}","American",,false,"https://www.budgetbytes.com/fruit-dip/","Budget Bytes"
